{"cameraMode":{"drawMode":0,"name":"Shaded","section":"Shading Mode"},"sceneLighting":false,"audioPlay":false,"sceneViewState":{"m_AlwaysRefresh":false,"showFog":true,"showSkybox":false,"showFlares":true,"showImageEffects":true,"showParticleSystems":true,"showVisualEffectGraphs":true,"m_FxEnabled":true},"in2DMode":false,"pivot":{"x":3.9935131072998049,"y":0.7758305072784424,"z":2.4518282413482668},"rotation":{"x":0.13500817120075227,"y":0.12390633672475815,"z":-0.01701916567981243,"w":0.9829202890396118},"size":0.7227001190185547,"orthographic":true}