{"cameraMode":{"drawMode":0,"name":"Shaded","section":"Shading Mode"},"sceneLighting":false,"audioPlay":false,"sceneViewState":{"m_AlwaysRefresh":false,"showFog":true,"showSkybox":false,"showFlares":true,"showImageEffects":true,"showParticleSystems":true,"showVisualEffectGraphs":true,"m_FxEnabled":true},"in2DMode":false,"pivot":{"x":1.0298405885696412,"y":0.6000000238418579,"z":0.9999998211860657},"rotation":{"x":0.07955727726221085,"y":0.9016656279563904,"z":-0.38110941648483279,"w":0.18822412192821504},"size":0.7600203156471252,"orthographic":false}